url,title,category1
https://www.namasteindia.info/2023/11/the-future-of-business-communication.html,The Future of Business Communication: Amazon Q Biz Chatbot,LLM
https://www.namasteindia.info/2023/11/inflection-ai-pioneer-in-realm-of.html,Inflection AI: A Pioneer in the Realm of Generative AI,LLM
https://www.namasteindia.info/2023/11/googles-mirasol3b-beacon-of-ai.html, Google's Mirasol3B: A Beacon of AI Innovation Amidst Security Concerns,LLM
https://www.namasteindia.info/2023/11/unlocking-language-model-closer-look-at.html,Unlocking the Language Model: A Closer Look at Jailbreak Techniques,LLM
https://www.namasteindia.info/2024/10/meta-movie-gen-revolutionizing.html,Meta Movie Gen: Revolutionizing Multimedia Creation with the Most Advanced AI Media Model,LLM
https://www.namasteindia.info/2024/10/how-to-use-chatgpts-new-canvas-feature.html,How to Use ChatGPT’s New Canvas Feature for Coding Projects,AI Tools
https://www.namasteindia.info/2024/10/how-to-create-music-video-using-ai.html,How to Create a Music Video Using AI Tools: A Step-by-Step Guide,AI Tools
https://www.namasteindia.info/2024/10/unlocking-power-of-ai-comprehensive.html,Unlocking the Power of AI: A Comprehensive Guide to Creating and Curating Podcasts with AI Tools,AI Tools
https://www.namasteindia.info/2024/09/openai-o1-leap-forward-in-ai-reasoning.html,OpenAI o1: A Leap Forward in AI Reasoning and Problem-Solving,LLM
https://www.namasteindia.info/2024/02/behold-bard-unveils-its-artistic-muse.html,Behold! Bard Unveils its Artistic Muse: Unleash Your Creativity with Image Generation!,LLM
https://www.namasteindia.info/2023/12/which-is-better-openais-chatgpt-or.html,Which is better OpenAI's ChatGPT or Google's Gemini AI,LLM
